date,BRENT,RSO,GO,SBO,COMMOD-ETF
0,10372.1,1275.05,6028.905,2832.331,1000.0
5000,10369.46892,1275.4512,6026.78434,2833.65775,1000.0444167466
10000,10398.04,1278.237,6013.832,2839.412,1001.2500971053694
15000,10398.1,1270.2,6013.87,2844.17,1000.0972705795946
20000,10386.41816,1273.10072,6016.32694,2842.25484,1000.3172852563308
25000,10424.1,1267.025,6028.905,2851.28,1001.3524569602208
30000,10450.16,1270.192,6013.832,2858.409,1002.6057618184254
35000,10442.3571,1268.61911,6015.40096,2853.20702,1001.7151890887276
40000,10380.77,1276.56,6043.86,2833.74,1001.2495459094964
45000,10406.72,1279.751,6028.75,2840.824,1002.4993988533266
50000,10404.1191,1280.82772,6031.44533,2839.01382,1002.5998110215285
55000,10432.74,1276.552,6013.678,2833.722,1001.2474738660771
60000,10529.76,1273.85,6019.51,2836.23,1003.5193830859113
65000,10537.46462,1273.02191,6019.3292,2832.57688,1003.212778862959
70000,10503.44,1277.035,6034.559,2843.321,1004.7594074755145
75000,10477.18,1273.842,6019.472,2836.212,1002.2473077835679
80000,10470.1971,1274.68273,6015.40823,2838.39672,1002.2681663297589
85000,10541.04,1271.5,5984.33,2808.25,999.4019973078625
90000,10514.69,1274.679,5999.291,2815.271,1000.6302944357597
95000,10518.92072,1273.88448,6003.76992,2813.11336,1000.5717654268992
100000,10540.97,1271.492,5984.293,2822.309,1000.6381462484528
105000,10541.04,1269.75,5956.3,2790.88,996.3633668581199
110000,10522.29373,1273.10775,5969.86979,2781.4635,996.3014151858426
115000,10514.69,1266.576,5971.191,2763.978,993.3488587293601
120000,10488.4,1263.409,5956.263,2757.093,990.8674987205225
125000,10489.52347,1261.15457,5954.97463,2778.41003,992.2807054308612
130000,10510.68,1274.48,6014.03,2796.6,999.4577792836236
135000,10536.96,1277.666,5998.995,2803.592,1000.7095954019451
140000,10536.27332,1277.80612,5993.29422,2803.64448,1000.4887562554705
145000,10510.61,1280.86,5983.997,2810.6,1000.6973792728206
150000,10512.8,1285.96,6050.72,2839.11,1007.0334003346283
155000,10522.18937,1284.73255,6047.20272,2859.73471,1008.6936671139558
160000,10539.08,1289.175,6035.593,2866.308,1010.0706008466865
165000,10565.43,1285.952,6050.682,2879.092,1011.8278753700158
170000,10567.58913,1284.77884,6047.99248,2878.46561,1011.483079471655
175000,10589.76,1283.76,6023.88,2915.62,1014.0973208615833
180000,10616.23,1280.551,6008.82,2922.909,1014.125022659929
185000,10620.77908,1284.55969,6012.03686,2920.97175,1014.9830554140987
190000,10589.69,1277.349,5993.798,2930.216,1012.8795549533617
195000,10499.04,1293.24,6002.07,2920.4,1013.2869570761886
200000,10483.88203,1295.58982,6014.12118,2917.20514,1013.6000595169328
205000,10525.29,1290.007,5987.065,2913.099,1012.0191226468161
210000,10498.97,1293.232,5972.097,2905.816,1010.7535349783939
215000,10503.91834,1291.29851,5969.28668,2906.02571,1010.3956797192819
220000,10502.86,1293.24,5985.7,2910.63,1011.8378539568685
225000,10476.6,1296.473,6000.664,2903.353,1011.8169978879748
230000,10476.02155,1295.43389,6006.7066,2903.19798,1011.8362011808449
235000,10450.41,1293.232,6015.666,2910.612,1011.8130849243839
240000,10518.98,1295.02,6056.43,2945.62,1018.596801570215
245000,10507.00608,1297.56474,6053.16073,2947.16636,1018.8080670905111
250000,10545.28,1291.782,6041.289,2952.984,1018.6179809562447
255000,10518.91,1295.012,6056.392,2960.367,1019.8936364094571
260000,10509.59878,1296.53137,6047.10556,2959.26588,1019.4848390262803
265000,10557.1,1281.92,5976.7,2923.76,1011.7114238392
270000,10530.71,1278.715,5991.642,2931.069,1011.711674109765
275000,10517.94393,1279.76648,5997.80774,2929.63141,1011.7389194782061
280000,10557.03,1275.518,5976.663,2923.742,1010.4513686555969
285000,10437.31,1280.26,5867.91,2927.42,1004.3105047511851
290000,10438.13232,1279.63672,5876.60602,2925.59655,1004.4077656641737
295000,10463.4,1277.059,5853.24,2920.101,1003.0573907000232
300000,10437.24,1273.867,5867.873,2927.402,1003.0522142042629
305000,10439.95314,1274.29534,5873.92078,2927.14658,1003.4298319458993
310000,10274.52,1283.35,5896.25,2970.56,1005.975605586488
315000,10300.21,1286.558,5881.509,2977.986,1007.2680133568003
320000,10313.61609,1286.42341,5885.20172,2974.90366,1007.4458110553257
325000,10274.46,1283.342,5896.213,2970.541,1005.9693794940117
330000,10345.11,1290.84,5943.85,2979.06,1011.8697047365338
335000,10356.91448,1292.80036,5945.09137,2979.0404,1012.5883445497063
340000,10370.97,1287.613,5958.71,2971.612,1011.8190803001396
345000,10396.9,1290.832,5973.606,2979.041,1014.348648909289
350000,10382.67405,1291.467,5977.13887,2976.37547,1014.0414841211782
355000,10464.42,1291.18,5917.71,2957.78,1011.8498560683377
360000,10438.26,1294.408,5932.504,2965.174,1013.1183386955083
365000,10445.98253,1294.31985,5927.7907,2964.71803,1013.0514993243195
370000,10412.16,1297.644,5917.673,2972.587,1013.1630562310182
375000,10401.9,1296.63,5969.21,2967.78,1014.42972491712
380000,10408.67357,1295.60895,5965.49885,2963.9035,1013.8967360260965
385000,10427.9,1293.388,5984.133,2975.199,1015.6944046198112
390000,10453.97,1290.155,5999.093,2967.761,1015.6526947699354
395000,10456.20425,1292.98662,6005.23744,2973.19552,1016.996222052333
400000,10478.66,1299.54,5965.08,2989.75,1018.6184036247095
405000,10452.46,1296.291,5950.167,2982.276,1016.0717681194499
410000,10430.14609,1296.91708,5958.74629,2983.52264,1016.1224823104693
415000,10478.59,1293.05,5935.292,2974.82,1016.0
420000,10360.34,1276.34,5881.37,2954.13,1015.8
425000,10337.88307,1277.16385,5876.10691,2951.82439,1015.5
430000,10386.24,1273.149,5866.667,2961.515,1015.1
435000,10412.21,1269.966,5881.333,2954.112,1014.5
440000,10394.77299,1269.71924,5873.5821,2959.51246,1013.9
445000,10237.92,1286.12,5862.94,2953.63,1013.2
450000,10263.51,1282.905,5848.283,2946.246,1012.3
455000,10250.99811,1284.60797,5842.17156,2944.43565,1011.2
460000,10237.86,1288.0,5862.903,2953.612,1010.3
465000,10274.5,1303.0,5957.82,3006.81,1009.7
470000,10286.18745,1304.0,5955.31238,3006.50692,1010.0
475000,10300.19,1305.0,5972.715,3014.327,1010.8
480000,10325.94,1307.582,5987.646,3006.791,1011.8
485000,10332.65258,1308.77104,5969.33771,3002.0126,1013.0
490000,10457.36,1304.03,6000.07,3012.7,1014.3
495000,10431.22,1307.29,5985.07,3020.232,1015.5
500000,10422.21033,1306.25471,5981.61864,3021.9084,1016.8
505000,10457.29,1310.558,6000.032,3012.681,1018.0
510000,10431.36,1307.1,5983.34,2995.49,1019.5
515000,10433.9616,1308.81994,5983.57618,3002.33455,1020.0
520000,10405.28,1310.368,5968.382,2988.001,1021.0
525000,10431.29,1313.644,5953.461,2995.471,1020.2651892969025
530000,10437.39426,1315.22336,5955.27624,2996.54078,1020.8916854456588
535000,10543.52,1310.87,5997.38,3003.19,1024.9288965708242
540000,10569.88,1307.593,6012.373,2995.682,1024.8807392652157
545000,10574.63253,1305.70009,6007.2521,2999.16417,1024.7191569898828
550000,10596.3,1304.324,5997.343,3003.171,1024.9143689738175
555000,10592.04,1319.05,6051.03,3031.18,1032.397517826012
560000,10592.73437,1317.45114,6051.39453,3027.62005,1031.8016561765357
565000,10618.52,1322.348,6035.902,3038.758,1033.723982250888
570000,10591.97,1319.042,6020.813,3031.161,1031.139579664035
575000,10586.60717,1320.99753,6016.32565,3034.0887,1031.4660823292788
580000,10635.98,1324.57,6091.33,3042.5,1037.2092126074913
585000,10609.39,1321.259,6106.558,3050.106,1037.221933444525
590000,10607.01259,1321.68531,6108.45919,3051.89756,1037.485188578912
595000,10635.91,1324.562,6121.825,3057.732,1039.814965562716
600000,10617.83,1320.88,6052.29,3031.62,1033.4690323840032
605000,10623.0651,1320.46332,6057.93075,3028.74936,1033.4940388986404
610000,10591.29,1317.578,6037.159,3024.041,1030.8855022989069
615000,10564.81,1320.872,6052.252,3031.601,1032.186263441108
620000,10554.701,1320.50012,6054.98108,3028.71611,1031.7282174721674
625000,10605.65,1321.87,6020.01,3025.68,1031.5067117281785
630000,10632.16,1318.565,6004.96,3033.244,1031.5412428220886
635000,10632.13083,1320.30333,6008.52268,3028.55829,1031.6155173683428
640000,10658.74,1321.862,5989.948,3040.827,1032.8751729814865
645000,10605.65,1329.15,6062.9,3024.37,1034.5969929271964
650000,10610.61117,1328.95384,6071.12285,3024.15776,1035.000353791636
655000,10579.14,1325.827,6078.057,3016.809,1033.2676067110096
660000,10552.69,1322.513,6093.252,3024.351,1033.2760963080518
665000,10556.77732,1322.2036,6100.51714,3024.46753,1033.6254977267708
670000,10725.54,1332.32,6060.09,3018.38,1037.4630221312875
675000,10752.35,1328.989,6044.94,3025.926,1037.4939508353953
680000,10743.35208,1331.69079,6053.35423,3027.28067,1038.2752988747743
685000,10725.47,1325.667,6029.827,3018.361,1034.900286409174
690000,10746.67,1328.01,6037.08,3030.46,1037.2393624084298
695000,10751.10552,1328.53379,6039.54722,3026.63163,1037.213363254497
700000,10773.54,1324.69,6052.173,3022.884,1037.1932112201782
705000,10746.6,1321.378,6067.303,3030.441,1037.1889110778357
710000,10751.26782,1321.91956,6085.70897,3028.15225,1037.968822705883
715000,10808.29,1336.32,6085.27,3061.92,1045.1290993188309
720000,10835.31,1332.979,6070.057,3054.265,1043.8187771906967
725000,10823.68237,1333.60531,6067.69954,3057.31424,1043.8327053082896
730000,10862.4,1329.647,6085.232,3046.63,1043.773768401681
735000,10836.64,1340.43,6087.38,3064.54,1046.937027041524
740000,10835.3134,1341.62664,6082.28581,3063.74169,1046.85797361989
745000,10863.73,1343.781,6072.162,3056.879,1046.9397606059995
750000,10890.89,1340.422,6087.342,3049.236,1046.8906463278788
755000,10883.86216,1339.67854,6073.70222,3044.67472,1045.6072749806867
760000,10842.8,1343.01,6082.99,3068.0,1047.714727260865
765000,10815.69,1339.652,6067.783,3075.67,1046.4493031086718
770000,10819.35332,1341.51689,6059.88964,3068.81301,1045.9706951154353
775000,10842.73,1336.303,6082.952,3083.359,1047.7521033073342
780000,10857.53,1343.01,6014.8,3065.34,1045.007349414744
785000,10858.66726,1341.83774,6012.69779,3041.60234,1042.6225022782432
790000,10884.67,1346.368,5999.763,3024.809,1042.1188456369923
795000,10911.89,1349.733,5984.764,3012.321,1041.7104763583197
800000,10902.22835,1351.62296,5980.10256,3014.80427,1041.8740604166835
805000,10823.7,1347.6,5996.76,2983.33,1037.1051053235412
810000,10748.04,1332.45,5981.768,2975.872,1031.0310278393936
815000,10669.53589,1324.56,5974.56228,2976.85591,1027.3798829203943
820000,10674.63,1312.85,5966.814,2983.311,1025.455149664328
825000,10579.1,1307.4,5923.53,2954.92,1017.7831647425495
830000,10586.11703,1309.1909,5942.57205,2948.91496,1018.5630109701149
835000,10552.65,1304.132,5908.721,2962.307,1016.5428194192903
840000,10526.27,1300.871,5923.493,2954.902,1015.2265278157121
845000,10508.39329,1300.45359,5925.18709,2960.98249,1015.3207537415224
850000,10452.71,1306.1,5919.98,2949.13,1013.8236084431544
855000,10426.58,1302.835,5905.18,2956.503,1012.5907018022416
860000,10429.08989,1302.53985,5905.59603,2948.47213,1011.901722238847
865000,10452.64,1299.578,5890.417,2949.112,1011.3156730847186
870000,10526.76,1319.88,6001.2,2985.02,1011.54
875000,10487.35059,1318.34503,6014.77015,2981.39873,1012.5
880000,10500.44,1316.58,6016.203,2992.483,1013.74
885000,10474.19,1313.289,6031.244,2999.964,1014.9
890000,10478.35092,1311.06922,6039.5499,2993.87487,1016.1
895000,10624.09,1327.22,5994.01,3013.09,1017.8
900000,10650.65,1323.902,5979.025,3020.623,1019.4
905000,10648.92384,1323.60676,5985.52481,3021.58747,1020.8
910000,10624.02,1327.212,5993.973,3013.071,1022.3
915000,10754.03,1306.33,5935.76,2983.27,1024.0
920000,10738.83438,1306.04906,5934.87018,2983.67794,1025.1
925000,10780.92,1309.596,5950.599,2975.812,1026.2
930000,10753.96,1312.87,5935.723,2968.372,1026.4
935000,10749.19015,1311.91911,5920.6592,2965.33037,1026.2
940000,10664.38,1308.44,5914.89,2958.8,1025.7
945000,10578.61,1305.169,5900.103,2966.197,1024.8
950000,10498.03704,1306.63533,5907.42407,2961.41197,1023.5
955000,10492.31,1301.906,5885.353,2958.782,1022.0
960000,10586.02,1307.97,5895.09,2969.24,1021.0
965000,10570.00271,1318.17765,5920.96967,2972.34761,1021.1091790141097
970000,10559.55,1326.297,5965.077,2976.663,1024.6591017364333
975000,10533.16,1330.962,5995.102,2969.221,1025.5258545678735
980000,10533.94189,1332.27579,5980.29876,2965.57996,1024.867069939312
985000,10693.66,1321.15,5990.39,2949.18,1025.5062183002203
990000,10666.93,1317.847,5975.414,2956.553,1024.2441009230404
995000,10663.318,1315.74935,5978.55929,2958.20676,1024.022149715976
1000000,10640.26,1314.553,5990.353,2949.162,1022.9225097829087
1005000,10505.02,1310.13,5973.78,2931.42,1016.5423270379404
1010000,10519.74001,1310.72468,5979.88576,2933.27132,1017.4303211074769
1015000,10531.28,1313.405,5988.714,2924.091,1017.7897680836909
1020000,10504.95,1310.122,6003.686,2916.781,1016.487046779268
1025000,10512.57547,1308.15445,6004.05267,2909.16903,1015.6283879982703
1030000,10525.19,1321.82,5974.76,2945.42,1020.5969228402313
1035000,10498.88,1325.125,5989.697,2952.784,1021.8801692172324
1040000,10511.49578,1324.81725,5998.8097,2958.90689,1023.0422297501398
1045000,10472.63,1328.437,5974.723,2945.402,1020.6243397351391
1050000,10589.5,1320.02,5937.3,2935.11,1019.3306894439038
1055000,10581.12531,1318.54313,5948.53888,2931.60852,1018.9962403234965
1060000,10563.03,1323.32,5922.457,2942.448,1019.3719197597104
1065000,10589.43,1320.012,5907.651,2935.092,1018.0963927475759
1070000,10593.49445,1318.72743,5900.83684,2932.97748,1017.4732886798836
1075000,10434.38,1295.11,5845.29,2909.73,1014.6039650090262
1080000,10408.29,1298.348,5859.903,2917.004,1011.7861025561002
1085000,10410.81633,1300.20452,5860.07923,2920.9289,1010.4196995700058
1090000,10382.27,1301.594,5874.553,2909.712,1010.8047543017414
1095000,10254.43,1304.28,5828.67,2883.84,1008.3912650044008
1100000,10268.66398,1303.32226,5829.82292,2887.47998,1009.5792299331721
1105000,10228.79,1307.541,5843.242,2891.05,1003.5686473453344
1110000,10203.22,1310.81,5828.634,2883.822,1004.1595155002543
1115000,10203.7754,1311.32395,5832.47808,2884.66036,1004.9518326593853
1120000,10120.49,1296.39,5775.24,2852.11,1002.945597086264
1125000,10015.439,1299.631,5760.802,2844.98,1005.3408070465078
1130000,10069.36442,1298.60683,5765.76267,2844.1255,1007.5374608078126
1135000,10020.43,1296.382,5775.204,2852.092,1004.5355566399508
1140000,9825.15,1281.87,5695.28,2834.2,1004.3350928147673
1145000,9751.55604,1281.6167,5700.40931,2816.46382,1004.836067606179
1150000,9626.663,1285.075,5681.042,2797.24,999.9384792901704
1155000,9498.23,1281.862,5695.244,2770.296,1000.8423261447929
1160000,9415.577,1282.57999,5696.54011,2750.94597,999.7476064501607
1165000,9293.72,1275.0,5598.23,2721.24,996.0543184884498
1170000,9206.454,1266.738,5612.226,2714.437,998.862460543894
1175000,9114.26019,1269.34121,5618.1341,2717.30774,991.422030902784
1180000,9109.245,1263.603,5626.256,2707.651,986.2330278534636
1185000,8962.67,1273.72,5696.11,2726.16,985.4454496863282
1190000,8972.44725,1271.58668,5704.82092,2751.05247,987.2592946938219
1195000,8910.263,1270.536,5710.35,2777.125,983.824561170435
1200000,8962.614,1273.712,5696.074,2800.108,985.0412474127015
1205000,8952.07351,1272.95278,5695.2273,2799.80606,979.9093517191975
1210000,9012.23,1279.2,5718.13,2792.61,979.3788723905371
1215000,9078.23,1276.002,5703.835,2799.592,980.0498077293717
1220000,9149.34,1278.96965,5704.54607,2804.628,978.8221560403862
1225000,9160.774,1279.192,5718.094,2787.593,981.3959156302977
1230000,9206.75,1298.38,5786.09,2809.81,981.721084807852
1235000,9210.80195,1299.14109,5790.10946,2833.4706,981.1476618838217
1240000,9183.733,1295.134,5771.625,2867.962,978.2256451710044
1245000,9160.774,1298.372,5786.054,2875.132,979.7550329842188
1250000,9158.77528,1299.60949,5776.70207,2872.47302,975.9358236403033
1255000,9213.32,1293.77,5762.71,2854.79,975.968015458114
1260000,9269.299,1290.536,5748.303,2847.653,975.9516067585206
1265000,9321.26243,1288.869,5750.35286,2847.17954,973.7
1270000,9379.338,1287.309,5762.674,2854.772,977.3
1275000,9439.47,1297.54,5795.88,2866.23,973.9
1280000,9487.85553,1297.55412,5794.95061,2859.12949,975.7633926472272
1285000,9561.846,1300.784,5781.39,2873.396,978.8770177297158
1290000,9615.411,1304.036,5795.844,2880.579,982.0391045383653
1295000,9558.0865,1306.2318,5802.53458,2880.56137,981.3638186836112
1300000,9475.01,1309.66,5880.87,2909.78,985.860939119442
1305000,9536.13,1313.8,5900.76,2911.33,989.107444602309
1310000,9508.29827,1312.40573,5892.77743,2907.66625,987.5088385499791
1315000,9478.53,1310.19,5904.49,2914.76,987.4687150483064
1320000,9459.08,1319.44,5932.17,2910.93,989.6233066944724
1325000,9462.41645,1317.47754,5938.89215,2910.11011,989.52532245373
1330000,9521.74,1328.26,5948.3,2936.44,995.7834923289329
1335000,9586.062,1331.581,5963.171,2929.099,997.9536940759375
1340000,9641.09031,1332.65553,5963.51935,2925.08293,999.1506925569379
1345000,9701.39,1325.83,5908.76,2910.91,995.7441209672295
1350000,9732.661,1332.41,6009.92,2962.92,996.4
1355000,9722.99145,1333.36442,6010.71102,2962.87381,997.1
1360000,9756.993,1329.079,6024.945,2970.327,998.1
1365000,9718.89,1332.402,6009.882,2962.901,999.5
1370000,9714.72156,1333.1383,6024.26309,2961.49877,1001.0
1375000,9743.187,1332.87,6016.98,2955.84,1003.0
1380000,9767.545,1336.202,6032.022,2948.45,1005.1
1385000,9785.94857,1336.96874,6024.56876,2950.01574,1005.4
1390000,9615.55,1339.543,6047.103,2941.079,1004.7633949578693
1395000,9591.511,1332.63,6007.06,2950.96,1002.0402453565526
1400000,9587.22128,1334.20906,6008.79636,2950.07519,1002.2403595419627
1405000,9567.532,1329.298,5992.042,2943.583,999.5350768433436
1410000,9584.37,1332.622,6007.022,2936.224,1000.5642852142444
1415000,9576.22115,1334.07965,6003.18723,2935.22842,1000.4067825942398
1420000,9608.331,1335.54,6041.13,2971.48,1006.2402320051967
1425000,9584.31,1338.879,6056.233,2978.909,1007.597937664687
1430000,9579.28566,1339.58249,6044.33132,2977.60512,1007.0061544645678
1435000,9590.93,1342.226,6041.092,2986.356,1008.4432195533384
1440000,9566.953,1333.51,6007.37,2963.69,1002.7573506547656
1445000,9559.93694,1332.30029,5999.02217,2959.27299,1001.6150202303495
1450000,9543.035,1330.176,5992.352,2956.281,1000.2504357619325
1455000,9618.08,1333.502,5977.371,2948.89,1001.4377924273413
1460000,9687.13201,1334.32375,5982.07751,2950.9937,1003.6441332929279
1465000,9760.5,1328.17,6055.75,2984.66,1010.2325375335145
1470000,9768.019,1331.49,6070.889,2977.198,1011.0338464056183
1475000,9757.95361,1329.38166,6086.91614,2981.76551,1011.4456093066099
1480000,9719.7,1328.162,6055.712,2984.641,1009.2443087512423
1485000,9695.401,1324.46,6053.44,2974.58,1006.9505108310366
1490000,9701.74579,1323.69556,6049.62843,2970.42134,1006.4284313289229
1495000,9671.162,1327.771,6068.574,2982.016,1008.2993753685054
1500000,9555.26,1324.452,6083.745,2989.471,1006.1421376782664
1505000,9545.63168,1323.43692,6082.92451,2989.32974,1005.6645459045731
1510000,9531.372,1314.16,5964.47,2932.33,1003.1453514149251
1515000,9507.543,1310.875,5949.559,2939.661,999.076908168884
1520000,9517.85438,1311.63722,5944.88913,2938.53307,998.859215517151
1525000,9641.18,1314.152,5934.685,2932.312,1000.3922728109886
1530000,9617.077,1314.41,6010.44,2949.98,998.0260794022197
1535000,9602.08998,1313.62591,6014.35072,2949.62688,999.2606346432275
1540000,9593.034,1317.696,6025.466,2957.355,994.1959378869553
1545000,9653.92,1320.99,6040.53,2964.748,995.1319884869052
1550000,9647.27389,1322.00748,6037.01044,2966.01528,995.3687857971383
1555000,9678.055,1314.52,5963.8,2917.72,994.5063291722739
1560000,9702.25,1311.234,5978.71,2925.014,997.4946179674891
1565000,9714.75665,1309.70281,5984.16731,2920.43511,999.4336515385185
1570000,9591.52,1307.956,5963.763,2932.327,997.2234292416531
1575000,9567.541,1319.68,5996.01,2919.05,995.7639504337409
1580000,9583.68568,1319.35097,5979.76888,2921.62523,997.4052144721851
1585000,9591.46,1322.979,5981.02,2911.752,993.6472207149446
1590000,9556.65,1319.672,5995.973,2904.473,994.5899685205336
1595000,9537.82332,1319.42669,6001.01663,2900.19146,993.53345724802
1600000,9532.758,1305.14,5970.08,2847.96,990.7776862570262
1605000,9556.59,1308.403,5935.405,2855.08,993.9226549077277
1610000,9562.02836,1306.98408,5906.21629,2854.52016,985.9183625608536
1615000,9441.03,1311.674,5860.766,2862.218,981.8648085776846
1620000,9464.633,1312.62,5846.87,2857.61,981.6619923200543
1625000,9471.24761,1313.83197,5909.5663,2859.18414,983.2099131503476
1630000,9440.971,1309.338,5911.612,2850.466,981.8000000000001
1635000,9606.82,1306.065,5896.833,2843.34,984.5
1640000,9617.03458,1306.0378,5889.73692,2846.04581,987.1
1645000,9582.803,1330.36,5929.26,2865.43,988.5
1650000,9558.846,1327.034,5975.316,2879.126,990.1
1655000,9579.9323,1326.48596,6001.57798,2907.44439,992.5
1660000,9685.77,1330.352,6052.409,2916.841,994.5
1665000,9661.556,1337.38,6018.3,2936.3,997.0
1670000,9658.59231,1337.05171,6027.76607,2929.34244,999.4
1675000,9685.709,1334.037,6033.346,2928.959,1001.1
1680000,9682.21,1337.372,6018.262,2936.282,1002.4
1685000,9671.68794,1335.61853,6005.69459,2940.71404,1003.2
1690000,9706.416,1337.38,6018.3,2936.3,1003.4
1695000,9682.149,1334.037,6033.346,2928.959,1003.6488229657018
1700000,9698.55612,1331.4535,6029.86075,2927.0555,1003.2251991980343
1705000,9671.96,1330.701,6048.429,2921.637,1002.7283020447101
1710000,9696.14,1335.25,6018.3,2936.3,1004.2479371127977
1715000,9699.80443,1338.07855,6032.25368,2930.39826,1004.9485470187939
1720000,9671.9,1338.588,6033.346,2928.959,1004.2941080084343
1725000,9558.69,1341.935,6018.262,2921.637,1000.9498680757783
1730000,9575.74032,1340.46208,6007.83852,2916.16112,1000.156471243341
1735000,9582.587,1347.24,6069.36,2955.36,1007.6615031830049
1740000,9558.63,1350.608,6084.533,2962.748,1009.0257212495658
1745000,9537.98913,1352.01165,6087.34756,2958.17007,1008.5160596519074
1750000,9691.84,1353.985,6069.322,2970.155,1012.9216662320341
1755000,9716.07,1355.66,6068.16,2977.59,1014.4421804271758
1760000,9703.89911,1356.27085,6053.79813,2975.6398,1013.5009141918192
1765000,9691.779,1359.049,6052.99,2985.034,1014.5491783184602
1770000,9849.74,1362.447,6037.857,2977.571,1017.7365284492504
1775000,9851.51778,1365.60926,6036.8286,2972.66342,1017.923585597956
1780000,9874.364,1360.48,6069.9,3005.33,1021.7232867879538
1785000,9849.678,1363.881,6085.075,3012.843,1023.0875202612517
1790000,9858.13023,1363.44714,6075.31229,3014.23312,1022.9240498828838
1795000,9849.74,1360.471,6069.862,3020.375,1022.4544009020779
1800000,9874.364,1363.61,6069.9,3011.25,1022.8595260080338
1805000,9882.74182,1363.73099,6066.58633,3011.54575,1022.9738774324954
1810000,9849.678,1360.201,6054.725,3018.778,1021.6313213126498
1815000,10004.2,1356.8,6069.862,3026.325,1025.9827793469833
1820000,10001.30818,1355.19512,6073.17963,3024.30823,1025.5579660035735
1825000,10029.21,1361.22,6069.9,3008.89,1025.914880100575
1830000,10004.14,1364.623,6054.725,3001.368,1024.684642581305
1835000,9988.7093,1365.91632,6058.09838,3001.47331,1024.7154756946632
1840000,10004.2,1368.035,6069.862,2993.864,1025.3204146411065
1845000,10029.21,1356.62,6082.88,3000.39,1024.8009296288578
1850000,10026.33688,1356.3784,6092.59439,3000.96991,1025.1383200482605
1855000,10004.14,1360.012,6067.673,3007.891,1024.8932363160347
1860000,10004.2,1363.412,6082.842,3000.371,1025.526570203409
1865000,10009.93755,1363.86251,6074.00219,3008.2022,1026.0778681586119
1870000,9979.19,1347.32,5984.07,2952.02,1025.4
1875000,10004.14,1343.952,5969.11,2959.4,1024.1
1880000,10006.26353,1344.15377,5965.27192,2965.26447,1022.5
1885000,10004.2,1347.312,5984.033,2952.002,1020.1
1890000,10029.21,1335.1,5919.98,2926.54,1018.0
1895000,10029.46371,1335.93462,5915.36009,2925.38072,1015.7
1900000,10054.28,1338.438,5905.18,2919.224,1012.3
1905000,9859.2,1335.092,5890.417,2926.522,1010.0
1910000,9864.2007,1336.38556,5887.83597,2927.03879,1008.3
1915000,9834.552,1340.2,5976.77,2952.9,1007.2
1920000,9809.966,1343.551,5961.828,2960.282,1007.1
1925000,9803.24207,1341.63953,5961.03358,2965.41302,1008.277275397249
1930000,9794.38,1346.909,5976.733,2967.683,1009.9482302419659
1935000,9818.866,1346.29,5942.69,2942.4,1006.7737514273665
1940000,9806.82074,1344.72025,5945.17748,2921.58837,1004.4418189334414
1945000,9794.319,1342.924,5957.547,2899.144,1002.3201351087693
1950000,9818.76,1346.282,5972.441,2887.906,1003.1933139442675
1955000,9797.63524,1348.5928,5966.55774,2882.52184,1002.418019913157
1960000,9794.213,1357.16,6018.89,2909.02,1008.5242674531271
1965000,9818.699,1360.553,6033.937,2931.672,1012.4030901933462
1970000,9823.22722,1361.00906,6024.27547,2931.8545,1012.2171294014993
1975000,9864.26,1363.954,6049.022,2924.343,1014.1467120276848
1980000,9839.599,1342.08,5976.0,2942.43,1007.8319340776854
1985000,9831.8134,1343.30455,5975.83375,2938.48421,1007.5292002094623
1990000,9815.0,1338.725,5961.06,2935.074,1005.3124000163709
1995000,9716.65,1342.072,5946.157,2927.736,1002.3324257330943
2000000,9718.23551,1338.62856,5940.63385,2927.27807,1001.4260358429606
2005000,9740.942,1348.65,5944.96,2917.05,1003.2148402265377
2010000,9716.589,1345.278,5959.822,2924.343,1003.2267151279741
2015000,9733.3709,1345.78769,5956.10636,2924.58972,1003.598847665039
2020000,9648.77,1341.915,5974.722,2917.032,1000.9052198189809
2025000,9624.648,1337.77,5925.87,2894.6,995.5053555012419
2030000,9623.12714,1338.40545,5926.00675,2892.64334,995.4262542092367
2035000,9648.71,1341.114,5940.685,2901.837,997.9941023291184
2040000,9558.3,1344.467,5925.833,2894.582,995.2161241983611
2045000,9557.62337,1341.33677,5927.18914,2892.79675,994.4847258999455
2050000,9534.404,1329.47,5923.69,2881.31,990.4393462374333
2055000,9510.568,1332.794,5908.881,2888.513,990.538263770949
2060000,9511.6399,1332.22815,5903.85077,2890.5736,990.4264472254572
2065000,9567.02,1329.462,5894.109,2881.292,989.9957039621572
2070000,9543.102,1328.98,5861.0,2849.6,985.1544292429629
2075000,9527.50107,1329.37646,5858.71204,2854.90031,985.2290976266452
2080000,9519.245,1325.658,5846.348,2856.724,983.9492917056405
2085000,9662.08,1322.343,5831.732,2849.582,985.5056070477879
2090000,9660.52786,1321.65168,5823.9982,2848.44636,984.9117123004872
2095000,9637.925,1340.68,5923.49,2867.3,983.014642099497
2100000,9613.83,1344.032,5908.681,2860.132,979.5676338773455
2105000,9620.39995,1347.03667,5908.01037,2860.78874,979.9706876184852
2110000,9620.82,1347.392,5893.91,2852.981,982.1238033073721
2115000,9596.768,1343.6,5955.99,2890.6,980.3769809284663
2120000,9605.70982,1346.57401,5971.60914,2888.8201,982.2302204662317
2125000,9620.76,1340.241,5970.88,2897.827,977.7835219051365
2130000,9607.08,1336.89,5985.807,2905.071,979.3368852296521
2135000,9607.13539,1336.67237,5981.13576,2903.42976,980.1903104242544
2140000,9583.062,1333.27,5948.49,2853.98,979.9437974734229
2145000,9607.02,1329.937,5963.361,2846.845,983.5473463616412
2150000,9610.8207,1331.9063,5967.49327,2846.26581,986.1009570733964
2155000,9460.63,1333.262,5948.453,2839.728,984.50462959318
2160000,9484.282,1317.37,5835.89,2794.26,983.658363905487
2165000,9473.51212,1319.62447,5839.82659,2789.6868,985.9121599948164
2170000,9460.571,1320.663,5821.3,2787.274,982.7660178456711
2175000,9477.17,1317.362,5806.747,2794.243,984.3199374425581
2180000,9478.6476,1318.20295,5802.00503,2796.0328,983.8739187699878
2185000,9453.477,1316.28,5858.41,2801.27,981.727961812475
2190000,9429.843,1312.989,5843.764,2794.267,985.482066554538
2195000,9427.23004,1313.02687,5847.58432,2798.66193,977.5862329806994
2200000,9422.88,1309.707,5829.155,2801.252,976.6404610754851
2205000,9446.437,1320.47,5870.14,2816.84,980.5447508234253
2210000,9441.97679,1322.3416,5855.1176,2819.88857,983.1991022090542
2215000,9470.053,1317.169,5855.465,2823.882,978.7535152169094
2220000,9562.05,1320.462,5870.103,2830.942,982.671601095743
2225000,9549.06102,1316.71412,5872.18479,2830.21422,981.6457632717965
2230000,9538.145,1325.69,5880.99,2799.82,980.8248932990084
2235000,9561.99,1329.004,5895.692,2806.82,983.2769227021134
2240000,9571.01026,1328.06451,5897.49046,2803.69825,983.1091631877684
2245000,9521.94,1332.327,5880.953,2799.803,981.7325889046979
2250000,9498.135,1331.1,5938.87,2819.4,985.0496326922491
2255000,9467.51861,1330.18976,5954.22637,2818.48335,984.6890822038517
2260000,9521.88,1327.772,5953.717,2826.449,986.2072876725063
2265000,9504.97,1331.092,5938.833,2819.382,985.2096858980025
2270000,9509.10204,1332.61717,5934.94665,2818.4648,985.3662092414083
2275000,9481.208,1331.1,5938.87,2814.34,984.1950105429364
2280000,9504.911,1327.772,5953.717,2807.304,984.1084192621036
2285000,9509.34307,1326.62533,5961.85568,2804.04962,984.0406505837891
2290000,9693.73,1331.092,5968.601,2800.286,989.3082405732315
2295000,9717.964,1345.2,5989.99,2820.92,995.3667485727726
2300000,9722.45415,1343.29693,5989.34737,2845.85779,997.2763629203893
2305000,9742.259,1348.563,6004.965,2859.075,1000.6004957323388
2310000,9719.61,1351.934,6019.977,2866.247,1001.9710871566151
2315000,9729.00998,1353.39778,6024.53681,2858.42084,1000.4
2320000,9695.311,1345.55,5928.61,2827.66,998.2
2325000,9719.549,1337.836,5913.788,2834.729,995.8
2330000,9717.22606,1325.79541,5918.74403,2835.66104,992.3
2335000,9555.04,1314.542,5928.573,2841.816,988.9
2340000,9531.152,1312.94,5847.92,2819.57,986.1
2345000,9532.72991,1314.57046,5842.51458,2800.66733,983.2
2350000,9507.325,1309.658,5833.3,2785.614,979.8
2355000,9492.21,1306.384,5847.883,2782.553,976.2
2360000,9489.09511,1304.47481,5858.953,2783.86974,974.5
2365000,9468.479,1300.16,5855.01,2789.11,973.6
2370000,9492.151,1296.91,5869.648,2782.137,972.9
2375000,9494.02542,1298.68131,5876.68031,2780.1769,972.5533221900743
2380000,9380.35,1300.152,5884.322,2775.182,969.9777436173166
2385000,9403.801,1286.17,5863.16,2765.33,966.0544005436997
2390000,9416.99055,1288.66506,5862.80291,2763.73215,966.7056740796017
2395000,9380.291,1282.955,5848.502,2772.243,964.8597333223622
2400000,9442.95,1286.162,5863.123,2765.313,966.993410326151
2405000,9453.48559,1285.03522,5869.42674,2765.36458,967.2923716971754
2410000,9419.343,1284.94,5864.65,2774.5,967.0590339316458
2415000,9442.891,1288.152,5849.988,2767.564,967.0361892250903
2420000,9447.11621,1287.72744,5841.6795,2761.97915,966.2173031760635
2425000,9449.46,1284.932,5864.613,2774.483,967.7803443089623
2430000,9473.084,1279.56,5808.89,2752.06,963.0066042212545
2435000,9484.56796,1281.59537,5814.91386,2744.99026,963.3082494807024
2440000,9496.766,1276.361,5794.368,2745.18,961.7407280952018
2445000,9467.15,1273.17,5808.854,2752.043,961.6076909078761
2450000,9481.10478,1272.62073,5808.36759,2745.91198,961.2750151948734
2455000,9443.482,1289.0,5856.34,2778.12,968.4118412900933
2460000,9419.873,1292.223,5870.981,2771.175,968.4688325682
2465000,9404.30844,1291.23758,5876.18473,2768.56636,967.8859930132342
2470000,9514.44,1295.453,5885.658,2764.247,971.3786003208161
2475000,9490.654,1270.98,5860.8,2732.54,968.8134857000954
2480000,9486.84597,1274.51855,5820.78561,2736.95008,964.6992331889256
2485000,9466.927,1274.157,5790.386,2725.709,964.4358419751325
2490000,9448.21,1277.343,5765.764,2718.894,965.9233112473063
2495000,9445.00611,1278.05689,5740.82119,2720.2369,963.5116401948019
2500000,9424.589,1271.83,5773.46,2733.95,964.7008280077379
2505000,9448.151,1268.65,5759.026,2740.785,959.590873876996
2510000,9443.53642,1269.75932,5753.15618,2738.71549,960.48177699422
2515000,9547.79,1271.822,5744.629,2747.637,960.6735365518153
2520000,9523.921,1287.87,5803.13,2779.94,959.7661517429481
2525000,9528.77802,1290.20761,5797.08661,2778.50141,962.7096217615446
2530000,9500.111,1284.65,5817.638,2786.89,964.6039458022904
2535000,9574.32,1281.439,5803.094,2779.923,962.3491230606298
2540000,9587.23974,1281.92828,5814.55047,2781.70175,960.8451527327654
2545000,9550.384,1265.42,5742.55,2731.5,962.4420340156565
2550000,9574.26,1262.256,5756.906,2724.671,958.6397661070191
2555000,9585.79092,1263.02893,5754.21417,2718.38835,959.5383482053253
2560000,9411.28,1259.101,5742.514,2717.86,958.4377795098018
2565000,9434.808,1267.64,5698.81,2730.62,955.6380592204301
2570000,9424.57533,1266.82614,5703.70044,2730.47525,958.7391865379453
2575000,9458.395,1264.471,5713.057,2737.447,950.6911606638354
2580000,9351.4,1267.632,5698.774,2730.603,953.0939808003405
2585000,9350.85555,1266.39678,5695.31483,2727.29151,950.5837559511085
2590000,9328.022,1271.5,5714.94,2770.12,955.6281049407552
2595000,9351.342,1274.679,5700.653,2763.195,955.6098154068748
2600000,9346.60536,1274.65041,5708.40541,2769.92387,956.405444274435
2605000,9354.32,1277.865,5714.904,2756.287,956.2874755636916
2610000,9377.706,1278.36,5693.39,2748.01,955.325505343481
2615000,9381.71467,1277.83876,5697.71758,2747.2785,955.4348112624384
2620000,9401.15,1281.556,5679.157,2754.88,956.5334136512614
2625000,9459.66,1284.76,5693.354,2761.767,959.7684951234298
2630000,9457.20148,1285.47588,5692.64191,2764.11983,960.0277481877824
2635000,9629.43,1295.52,5775.31,2801.99,959.8183626201887
2640000,9605.356,1287.14,5772.99,2795.07,958.0611388338006
2645000,9608.33879,1283.71942,5783.18047,2797.19844,960.1560800725796
2650000,9596.74,1283.922,5758.558,2802.058,964.0031895853555
2655000,9678.71,1283.5,5674.38,2780.86,963.9524706258328
2660000,9653.9951,1284.20852,5672.29815,2763.92038,967.5039264525988
2665000,9654.513,1268.45,5697.72,2745.88,964.7575603291306
2670000,9578.31,1271.621,5683.476,2729.67,968.0133755238022
2675000,9590.92417,1270.9986,5689.9276,2722.06723,970.5713753098926
2680000,9648.98,1280.1,5722.34,2723.93,972.0315629655921
2685000,9797.26,1296.67,5766.88,2750.49,977.3439417740108
2690000,9803.6445,1297.10733,5762.42333,2750.50903,981.6085150231849
2695000,9816.09,1307.41,5855.95,2802.55,981.725286006085
2700000,9868.07,1316.0,5945.71,2829.67,982.5942580206231
2705000,9882.13528,1323.57951,5945.82758,2849.68052,986.5654343696597
2710000,9843.4,1332.019,5989.76,2868.481,985.1388183610118
2715000,9868.008,1340.377,5974.786,2875.652,988.4144133074603
2720000,9863.63412,1350.15798,5955.84875,2877.49405,989.6922225267568
2725000,9965.09,1339.67,5989.723,2870.19,989.272249341632
2730000,9940.177,1343.019,6017.54,2863.015,994.7544970798021
2735000,9933.90732,1341.02209,6015.67576,2857.19591,989.0889690739775
2740000,9915.327,1339.662,6002.496,2855.857,987.3756686618691
2745000,9972.46,1337.88,5987.49,2850.51,989.5145991861966
2750000,9972.90489,1337.29856,5984.39416,2850.95455,993.405763994696
2755000,9947.529,1334.535,6024.03,2843.384,993.3991664401265
2760000,9922.66,1337.872,6039.09,2836.275,996.9948098802784
2765000,9929.15925,1339.16486,6037.89724,2835.29916,994.2926976779812
2770000,10082.48,1339.22,6023.992,2832.63,1005.5928332011102
2775000,10107.69,1335.872,6002.92,2825.548,1000.1952198225948
2780000,10108.10272,1335.58224,5997.84547,2828.84555,1001.6998609204255
2785000,10132.96,1332.532,5987.913,2832.612,1003.8315093560221
2790000,10071.14,1353.22,5972.943,2844.51,1006.8272013818892
2795000,10076.01909,1352.48593,5961.61985,2846.78085,1006.5317771364137
2800000,10096.32,1356.603,6054.55,2837.399,1010.8537514119463
2805000,10071.08,1359.995,6039.414,2830.305,1009.6566548631603
2810000,10044.62313,1358.81756,6033.17621,2831.30741,1008.6179175704181
2815000,10137.73,1343.8,6054.512,2790.09,1005.1641914906048
2820000,10163.07,1347.16,5990.58,2797.065,1004.3983594485612
2825000,10181.80367,1348.36255,5992.36372,2791.2149,1001.643281640027
2830000,10137.67,1343.792,5975.604,2804.058,993.1220133489704
2835000,10069.53,1319.49,5990.543,2779.14,987.1347642608291
2840000,10059.09121,1319.51038,5978.62556,2756.47054,985.392019116423
2845000,10044.36,1316.191,5929.16,2732.367,981.2073986401031
2850000,10019.25,1319.482,5914.337,2719.123,980.963772395831
2855000,10008.76951,1320.08308,5910.14567,2703.75842,973.7990345954807
2860000,9925.92,1313.64,5929.123,2693.53,972.4229072111641
2865000,9901.105,1310.356,5868.96,2686.796,972.0917320601658
2870000,9899.54725,1311.16964,5877.60823,2686.3456,970.532576466455
2875000,9925.858,1313.632,5854.288,2693.513,980.3151682685184
2880000,9963.14,1317.72,5868.923,2715.05,989.5231822017973
2885000,9982.6751,1317.3181,5874.16866,2712.84274,987.937932384419
2890000,9988.048,1314.426,5906.43,2708.262,989.4338316372648
2895000,9963.078,1317.712,5921.196,2701.492,992.491001025438
2900000,9956.37816,1316.3137,5911.65081,2702.54221,986.2522371838008
2905000,9936.12,1308.87,5906.393,2695.29,986.9463080633192
2910000,9960.96,1312.142,5846.95,2702.028,984.3163959829284
2915000,9940.44747,1309.66412,5849.56473,2706.00177,981.7953157774889
2920000,9985.863,1315.423,5832.333,2695.273,988.3575821395477
2925000,9974.47,1316.14,5817.752,2675.38,972.8630432402945
2930000,10004.42755,1315.54442,5814.40501,2670.62222,985.9095959527342
2935000,9999.406,1319.43,5843.66,2668.692,969.5931494109623
2940000,9974.408,1316.132,5858.269,2675.363,973.5385941322041
2945000,9974.09596,1315.77631,5859.56555,2675.20266,971.5009438466948
2950000,9974.47,1305.44,5843.623,2622.36,965.6579855897984
2955000,9949.534,1308.704,5752.81,2615.804,959.8525161409683
2960000,9958.45081,1308.06992,5753.40736,2613.27767,977.7448948816993
2965000,9974.408,1305.432,5738.428,2609.265,960.1369620223039
2970000,9889.72,1326.73,5752.774,2657.45,965.6196378258101
2975000,9892.67125,1323.16263,5755.54161,2656.48013,959.0204724402404
2980000,9864.996,1323.413,5789.99,2650.806,959.3301349543373
2985000,9840.333,1320.105,5775.515,2644.179,959.9019020193546
2990000,9845.28173,1319.18149,5781.55091,2648.66419,964.9862911621215
2995000,10005.9,1325.84,5789.954,2670.75,961.9611197214936
3000000,10030.91,1329.155,5853.82,2688.986,969.471866614248
3005000,10038.37631,1330.54716,5857.79402,2698.90499,977.965094861336
3010000,10005.84,1332.477,5839.185,2692.238,973.1991229739991
3015000,10010.39,1343.8,5824.587,2713.34,990.286167492324
3020000,9995.85761,1348.40026,5825.51547,2735.66486,1000.346906372102
3025000,9985.364,1347.16,5899.89,2742.432,1000.5321919877512
3030000,10010.33,1350.527,5914.64,2749.541,1006.0332442027
3035000,10005.0018,1347.80811,5915.07873,2745.91028,1008.0694449177852
3040000,10132.11,1345.02,5929.426,2772.6,1013.5372281786463
3045000,10106.78,1341.657,5935.02,2779.532,1013.1111395241214
3050000,10108.06865,1341.69771,5931.56158,2783.02072,998.3147092699647
3055000,10081.51,1338.303,5920.182,2772.583,995.6157824354539
3060000,10050.01,1337.43,5934.983,2742.7,992.6614474861525
3065000,10036.82961,1338.27232,5934.27802,2743.32782,992.5350953864183
3070000,10075.14,1334.086,5925.26,2735.843,991.6030722067387
3075000,10049.95,1337.422,5940.073,2729.004,991.6606009994471
3080000,10064.45475,1333.49885,5928.79665,2734.75934,991.2814043921917
3085000,10097.72,1331.94,5925.223,2739.65,992.0610492717401
3090000,10072.48,1328.61,5929.73,2746.499,991.5911995914634
3095000,10074.86035,1328.06248,5922.50304,2750.24799,991.5724514799319
3100000,10097.66,1325.289,5944.554,2753.365,992.7677085363339
3105000,10047.19,1304.89,5959.416,2733.71,981.9329794772439
3110000,10062.14321,1305.77499,5962.35172,2722.1711,971.0701558435596
3115000,10072.31,1308.152,5856.58,2710.444,969.3601337204832
3120000,10097.49,1304.882,5841.939,2707.195,968.4320042216154
3125000,10101.06199,1305.02196,5834.97227,2704.97368,969.0605855154134
3130000,9901.35,1300.67,5856.543,2692.76,962.7100231428099
3135000,9926.103,1303.922,5873.21,2686.028,960.5411884051712
3140000,9923.67269,1303.86705,5873.58441,2682.40789,966.1678273688694
3145000,9950.919,1307.181,5858.527,2692.743,970.7621772387029
3150000,9833.03,1292.28,5843.881,2670.37,959.4169230027237
3155000,9845.66439,1291.33688,5849.43396,2666.71887,972.9445245161808
3160000,9808.447,1295.511,5815.19,2663.694,978.6789063935107
3165000,9783.926,1292.272,5829.728,2657.035,974.4678796206726
3170000,9776.65261,1291.18457,5821.87919,2658.51964,970.8849331883843
3175000,9965.01,1286.94,5815.154,2635.34,981.2678395681971
3180000,9940.097,1283.723,5774.43,2617.823,973.3017362357061
3185000,9940.68483,1284.022,5783.26962,2602.06253,974.8499597281339
3190000,9964.948,1286.932,5759.994,2593.324,973.268856319866
3195000,9844.59,1278.05,5774.394,2564.89,962.7137054696689
3200000,9849.09881,1269.689,5769.56479,2539.7503,949.7637882014338
3205000,9819.979,1263.185,5718.39,2538.528,945.5567176768426
3210000,9844.528,1270.328,5732.686,2544.874,948.7019086855254
3215000,9830.05486,1258.24155,5726.90034,2544.34719,945.6968485220543
3220000,9637.14,1260.34,5747.018,2517.83,939.9520795301701
3225000,9613.047,1263.491,5684.51,2504.075,936.1830629456841
3230000,9609.23581,1262.74878,5687.32616,2501.23802,935.8120408124363
3235000,9637.08,1266.65,5650.549,2510.335,936.5260117975488
3240000,9659.18,1258.07,5634.475,2495.29,933.3818951048465
3245000,9648.67783,1245.27967,5605.09591,2472.818,927.4191654998725
3250000,9635.032,1235.07,5553.14,2452.259,921.1193189114709
3255000,9610.944,1227.062,5556.623,2432.275,917.3490994675656
3260000,9606.50997,1219.77316,5505.54337,2411.07808,911.8240049688588
3265000,9424.88,1210.38,5459.139,2395.15,907.6857031971149
3270000,9395.63,1201.382,5436.99,2381.088,899.9984726193586
3275000,9361.47629,1192.14516,5381.98542,2386.17376,900.6623120745514
3280000,9301.439,1184.391,5333.873,2387.041,901.0772204029133
3285000,9257.56,1168.46,5305.788,2366.91,900.5931964459209
3290000,9197.90685,1161.72369,5285.78279,2356.0597,903.2102390463065
3295000,9120.304,1151.259,5228.95,2341.193,894.5283470480573
3300000,9097.503,1141.064,5191.622,2325.49,896.3475192964129
3305000,9103.79059,1131.36387,5171.58861,2307.13857,895.4677546378648
3310000,8944.48,1152.53,5138.918,2297.24,896.4890519201547
3315000,8966.841,1169.599,5164.92,2288.504,907.3614099922731
3320000,8952.61096,1170.2358,5169.82948,2289.84408,908.1848277044583
3325000,8944.424,1166.675,5177.832,2282.783,904.8593039081945
3330000,9038.74,1160.76,5164.888,2253.77,902.2848374562111
3335000,9051.31165,1142.51287,5157.10685,2224.67023,906.8114272024804
3340000,9061.337,1130.958,5107.16,2210.154,902.9390720022175
3345000,9083.99,1115.163,5100.678,2179.552,902.767770711878
3350000,9074.53908,1114.32517,5072.76261,2165.27115,900.5975221891568
3355000,8981.94,1121.12,5042.227,2175.45,899.7283252929874
3360000,9004.395,1128.34,5082.83,2192.989,902.7601788835395
3365000,9000.51735,1132.58993,5138.70434,2216.90372,888.1430818222186
3370000,8981.884,1139.511,5175.737,2250.436,880.4770329716641
3375000,8963.72,1146.81,5188.676,2277.33,881.1620311957485
3380000,8974.09575,1153.40438,5192.37953,2294.34264,884.5980753595753
3385000,8986.129,1161.757,5230.03,2301.562,881.1351643294782
3390000,9008.595,1170.803,5276.73,2295.808,883.7732969730197
3395000,9006.47745,1175.98944,5309.51246,2297.39586,893.1124721589898
3400000,9086.41,1184.49,5293.463,2324.48,876.9526887574044
3405000,9109.126,1194.479,5350.58,2318.669,879.0939456395045
3410000,9104.29747,1203.91983,5349.15089,2317.04562,877.136241677754
3415000,9086.353,1198.475,5337.204,2324.465,888.0295757458395
3420000,9107.43,1192.76,5350.547,2323.67,888.8739467186678
3425000,9109.71691,1191.78716,5342.96561,2325.94722,880.106704615441
3430000,9084.661,1189.778,5357.63,2329.479,880.0286661679988
3435000,9061.95,1192.753,5344.236,2323.655,878.9950987368265
3440000,9069.85878,1190.60616,5336.29322,2323.71567,878.4407851866678
3445000,9057.26,1193.89,5357.597,2331.12,880.3179363437023
3450000,9079.903,1196.875,5331.6,2325.292,879.8565422462289
3455000,9069.55779,1195.86628,5319.46801,2327.47711,879.0992059402264
3460000,9102.603,1199.867,5344.929,2321.105,881.1734671853176
3465000,8943.76,1190.65,5358.291,2299.0,878.3720251873393
3470000,8943.30093,1185.27711,5367.7671,2279.26157,874.0220877951215
3475000,8921.401,1180.798,5292.23,2252.127,873.5236530425742
3480000,8943.704,1170.954,5254.961,2237.657,874.7767189661769
3485000,8953.33577,1165.57076,5211.99712,2217.88141,872.1312836049742
3490000,8819.24,1155.53,5217.723,2199.07,873.0873450005736
3495000,8791.038,1145.721,5200.76,2182.672,867.7449011971416
3500000,8769.85479,1135.2505,5150.87655,2156.72486,868.4039502414003
3505000,8729.186,1125.919,5128.158,2159.057,868.3644901826242
3510000,8668.13,1123.82,5110.728,2183.39,867.226519072637
3515000,8641.1989,1123.20671,5058.46898,2181.17514,869.9400349658077
3520000,8606.56,1126.63,5095.3,2188.848,871.6050359190483
3525000,8585.043,1129.446,5108.038,2183.376,869.1715199918094
3530000,8587.00806,1128.59703,5114.34715,2181.05777,867.3394852460773
3535000,8733.01,1135.0,5120.808,2199.98,868.858929746371
3540000,8754.843,1142.256,5129.42,2205.48,864.6298515597388
3545000,8750.05652,1146.03724,5123.27068,2200.67454,865.5022487557541
3550000,8732.955,1150.343,5142.244,2210.994,863.9761194065134
3555000,8639.61,1160.6,5155.099,2238.7,861.1514615866324
3560000,8642.9563,1178.25201,5152.73709,2233.01798,863.8282733732425
3565000,8618.011,1174.656,5205.85,2244.297,855.3065528459879
3570000,8639.556,1177.593,5218.865,2249.907,851.686298087022
3575000,8654.2443,1177.10044,5216.88002,2248.79999,850.9175071810045
3580000,8772.36,1159.27,5205.817,2216.7,852.1001782150975
3585000,8794.291,1162.168,5131.1,2211.158,857.6843092789632
3590000,8779.38551,1161.20475,5126.93474,2208.36071,850.3698984647596
3595000,8816.277,1165.074,5118.272,2205.63,845.4069438671379
3600000,8797.78,1176.8,5131.068,2190.44,845.6954435832392
3605000,8798.31275,1175.60912,5131.64551,2184.49223,846.0853957126907
3610000,8819.774,1173.858,5129.92,2184.964,848.3243521960271
3615000,8797.725,1176.793,5117.095,2179.501,847.3543570820964
3620000,8797.83087,1176.38299,5119.31647,2185.59748,847.9067504607183
3625000,8851.35,1184.08,5104.302,2179.3,849.5274269210124
3630000,8829.222,1189.105,5129.92,2200.702,852.9307075954505
3635000,8823.55818,1195.72974,5123.96032,2229.65748,856.4017795278733
3640000,8807.149,1205.138,5117.095,2239.286,858.4161439826248
3645000,8953.9,1212.92,5129.888,2239.14,863.9967230117427
3650000,8956.37603,1210.46891,5124.05688,2236.58487,863.1084851294066
3655000,8976.285,1209.888,5168.66,2244.738,866.0436555441839
3660000,8953.844,1206.863,5221.832,2250.35,867.60987307866
3665000,8963.86435,1205.93563,5262.48969,2251.55722,869.462070149255
3670000,8955.2,1218.89,5285.036,2273.08,874.627871663615
3675000,8932.812,1215.843,5344.53,2292.835,877.7015602363623
3680000,8940.59696,1216.61988,5392.53365,2302.26555,880.8644898971227
3685000,8955.144,1212.803,5381.044,2313.605,880.9911941142789
3690000,9060.8,1204.42,5367.591,2305.75,880.6429849077387
3695000,9067.60517,1201.75145,5375.1235,2302.31962,880.2933478959808
3700000,9038.148,1201.409,5418.65,2311.514,882.132658625251
3705000,9060.743,1204.412,5405.103,2317.293,883.2144092488309
3710000,9058.46936,1204.04541,5399.86292,2311.5315,882.3618924253387
3715000,8950.74,1195.97,5418.616,2299.72,877.9169988920953
3720000,8973.117,1192.905,5392.03,2275.168,874.5858390540632
3725000,8983.42555,1188.95377,5359.79194,2247.3548,870.2677999295468
3730000,8950.684,1179.847,5328.8,2230.706,864.9383838690518
3735000,8784.46,1173.97,5305.603,2217.27,862.8343912438689
3740000,8797.33826,1173.99472,5281.48624,2197.12025,859.180636912312
3745000,8762.499,1171.035,5252.58,2175.538,859.3771207493045
3750000,8740.593,1168.107,5219.824,2157.257,861.3238426298354
3755000,8719.57103,1170.03745,5197.08534,2129.29684,859.3708024289595
3760000,8590.57,1165.24,5167.099,2109.1,861.0180000217966
3765000,8612.046,1168.153,5156.84,2084.9,856.3654352835332
3770000,8621.04547,1164.83475,5154.45637,2077.05575,857.7131080894201
3775000,8590.516,1165.233,5169.732,2069.713,858.3610183147742
3780000,8693.41,1173.62,5182.656,2083.16,857.9091658349779
3785000,8736.90908,1181.67,5180.53614,2100.12955,861.3075505254786
3790000,8764.319,1190.12,5218.59,2120.782,863.6561722617895
3795000,8763.355,1198.613,5231.886,2135.418,856.8550309194889
3800000,8764.20503,1198.88522,5273.42368,2142.456,860.8041263742206
3805000,8793.12,1185.9,5308.557,2163.4,862.8534585016932
3810000,8771.137,1188.865,5340.38,2157.992,859.5030271776811
3815000,8789.40719,1188.24462,5352.22182,2156.22857,860.8528322780239
3820000,8793.065,1185.893,5353.731,2152.597,856.4641191582418
3825000,8737.66,1180.0,5367.115,2131.67,852.6810802852082
3830000,8756.19035,1175.29477,5375.92304,2115.31968,851.1272179183476
3835000,8759.504,1167.116,5324.65,2098.854,846.0239674419304
3840000,8781.403,1158.223,5357.687,2086.051,845.048010336194
3845000,8778.98226,1156.68502,5326.91597,2063.98045,841.4640402060202
3850000,8635.67,1162.27,5290.756,2052.01,836.548786562639
3855000,8607.009,1165.176,5239.62,2043.022,833.513957666122
3860000,8569.99124,1165.26848,5227.13396,2019.44923,830.0414029352368
3865000,8578.402,1168.089,5172.444,2005.047,827.2580921529559
3870000,8616.55,1172.87,5129.588,2036.64,830.1264909962833
3875000,8603.77812,1172.04211,5129.81585,2039.20109,829.8918305314542
3880000,8638.091,1169.938,5174.25,2031.548,831.4733585120248
3885000,8659.687,1172.863,5187.186,2026.47,832.6555949031047
3890000,8666.33856,1173.16435,5195.92362,2027.52883,833.3307854415491
3895000,8518.57,1188.68,5200.154,2041.38,834.2092820204712
3900000,8539.866,1185.708,5227.02,2060.172,836.912614047675
3905000,8535.88827,1186.30661,5224.68061,2075.14438,838.158660863359
3910000,8561.216,1188.673,5240.088,2079.976,840.2984850741238
3915000,8668.86,1209.11,5226.987,2095.62,847.7377229646008
3920000,8663.73598,1209.90374,5231.78515,2110.56705,849.2881357612
3925000,8690.532,1206.087,5247.54,2122.009,850.8488983693371
3930000,8668.806,1209.102,5280.884,2136.412,853.5703622041565
3935000,8675.29008,1207.60449,5336.53661,2144.48448,856.4533018049684
3940000,8739.16,1216.01,5337.507,2159.28,860.9870290377814
3945000,8794.0,1219.05,5368.41,2143.882,862.8272230854193
3950000,8863.83868,1220.60888,5371.01475,2156.96477,866.0789856078343
3955000,8864.16,1204.09,5381.831,2126.1,860.5720518859343
3960000,8721.24,1202.09,5359.56,2102.41,857.1505404971704
3965000,8710.52919,1201.61731,5315.95502,2135.69039,852.1826758136341
3970000,8699.437,1199.085,5263.71,2147.761,851.068450328482
3975000,8677.688,1202.082,5280.301,2151.125,851.7078565503235
3980000,8666.62241,1201.66996,5345.70224,2151.62051,848.4508870031892
3985000,8741.16,1195.0,5336.925,2128.49,848.7975342264991
3990000,8680.26,1185.56,5288.41,2099.75,842.8477907750314
3995000,8623.74054,1180.48555,5284.73748,2073.10106,842.9016492188899
4000000,8561.859,1178.736,5238.61,2050.739,842.2591021434737
4005000,8560.26,1172.43,5184.214,2026.03,840.5201421494445
4010000,8572.39056,1168.7758,5161.32348,1993.10106,842.6347618526961
4015000,8507.13,1160.95,5166.81,2025.23,843.7029538843225
4020000,8455.065,1162.857,5189.37,2048.142,840.6247108905868
4025000,8382.6662,1156.35007,5221.27284,2083.35,838.3000255328902
4030000,8439.95,1152.38,5296.647,2104.03,839.0788904877404
4035000,8499.65,1147.06,5294.05,2136.64,834.4612984467205
4040000,8552.08226,1137.79815,5304.15308,2172.9329,834.5472421164588
4045000,8608.23,1130.4,5217.63,2194.03,832.6367142185967
4050000,8545.48,1120.0,5175.5,2175.24,829.0297074897584
4055000,8527.94651,1115.32,5128.31186,2157.72344,831.3262146815199
4060000,8566.844,1112.978,5088.189,2143.586,825.4762285603786
4065000,8588.261,1108.733,5075.468,2138.227,821.0797419077219
4070000,8579.97395,1115.79065,5081.5652,2128.24,822.5367475197971
4075000,8456.12,1123.95,5041.44,2091.09,817.2472382076808
4080000,8434.98,1121.14,4932.079,2096.318,812.6848309237378
4085000,8421.21197,1120.74962,4936.34162,2094.03787,812.2519348067319
4090000,8456.067,1123.943,4944.409,2091.077,813.7913618107127
4095000,8382.98,1144.03,4982.17,2119.42,814.7970792001906
4100000,8381.3476,1144.27108,5005.20515,2148.91175,814.2614632273151
4105000,8403.937,1146.89,5045.925,2184.869,817.584542174692
4110000,8382.928,1149.757,5090.138,2190.331,822.6663444172245
4115000,8379.11325,1149.51506,5150.33251,2179.42,823.8568984224136
4120000,8522.02,1164.97,5191.26,2208.78,828.656232750661
4125000,8543.325,1162.058,5238.032,2233.158,827.1643760555727
4130000,8542.8589,1162.08106,5278.76208,2240.38555,831.6813570842615
4135000,8564.683,1159.152,5291.227,2248.766,835.507204677654
4140000,8605.62,1155.46,5303.4,2269.19,838.2419477707957
4145000,8603.87102,1154.86967,5305.44653,2267.04541,844.8356153931583
4150000,8627.134,1152.571,5290.142,2248.78,850.3882366689479
4155000,8648.702,1149.69,5303.367,2257.858,851.7998408174145
4160000,8674.67445,1149.29939,5330.30799,2256.57792,853.9704571531619
4165000,8605.62,1156.86,5399.0,2269.0,859.2501150864582
4170000,8584.106,1164.877,5385.503,2294.998,859.1388441235492
4175000,8580.46372,1168.54,5383.63534,2302.0517,863.7366738669712
4180000,8605.566,1174.872,5398.966,2309.211,866.3436340158643
4185000,8773.68,1181.92,5395.7,2315.97,867.2597543662893
4190000,8767.90958,1191.38535,5386.86547,2314.67954,874.0850648115425
4195000,8751.746,1198.529,5409.189,2321.76,869.769595342474
4200000,8729.866,1201.525,5395.666,2315.956,876.4133760478054
4205000,8714.09197,1200.34509,5407.27936,2317.59073,874.1781613342504
4210000,8738.9,1207.25,5441.8,2332.15,878.8465231719426
4215000,8717.053,1204.232,5428.196,2349.22,878.670794533093
4220000,8704.5137,1206.28584,5440.45932,2364.9617,880.6692431144822
4225000,8695.26,1201.221,5414.625,2360.304,877.9707449788605
4230000,8823.25,1203.66,5403.38,2372.15,882.1132301098555
4235000,8830.04672,1203.94419,5407.62286,2343.50093,879.9799581802712
4240000,8801.192,1206.669,5389.872,2326.689,877.598721155294
4245000,8823.195,1203.652,5403.346,2332.505,878.6095998241783
4250000,8823.63308,1202.75343,5398.84389,2338.43138,878.780388025684
4255000,8747.96,1224.58,5466.36,2355.48,885.5404883944868
4260000,8726.09,1221.519,5480.026,2349.591,884.4600656758013
4265000,8723.14443,1223.4186,5470.62816,2349.99848,884.4077917736025
4270000,8704.275,1218.465,5493.726,2355.465,884.4220300698579
4275000,8762.6,1200.86,5436.7,2315.89,876.5181803392236
4280000,8811.75667,1202.54666,5438.75805,2315.41255,878.076912374411
4285000,8877.401,1203.862,5423.108,2321.68,879.8212923542344
4290000,8835.257,1206.872,5409.55,2327.484,879.3457539331171
4295000,8832.30992,1207.74686,5407.83187,2332.93196,879.8558814955669
4300000,8741.91,1225.38,5410.35,2306.81,878.9330285196645
4305000,8763.765,1222.317,5423.876,2312.577,879.929151891556
4310000,8758.75691,1220.2953,5422.30616,2315.80568,879.6319330122469
4315000,8785.674,1225.372,5437.436,2318.358,882.1287832394875
4320000,8772.54,1209.88,5450.49,2330.08,880.3506539394203
4325000,8775.80894,1207.55002,5463.51225,2330.53824,880.5530442803712
4330000,8750.609,1212.905,5464.116,2324.255,880.4660378492923
4335000,8772.485,1209.872,5477.777,2318.444,880.4521977754634
4340000,8765.11852,1208.91465,5481.74753,2318.2941,880.2383486969155
4345000,8682.15,1215.39,5384.68,2301.77,874.0245606061831
4350000,8660.445,1212.352,5398.142,2289.091,872.3448356135156
4355000,8677.21653,1212.77393,5396.84476,2280.03345,871.9785390522904
4360000,8638.794,1209.321,5384.646,2271.756,869.1389510820952
4365000,8678.89,1220.76,5488.65,2286.51,871.2
4370000,8689.03308,1232.16099,5485.43328,2299.73123,873.5
4375000,8657.193,1241.67,5502.372,2313.354,875.9
4380000,8635.55,1244.449,5516.128,2327.495,879.0
4385000,8653.41032,1245.40572,5521.68355,2335.09468,883.5
4390000,8713.98,1254.19,5548.06,2337.51,887.9
4395000,8786.09,1257.325,5561.93,2363.147,893.5
4400000,8851.3242,1257.00671,5560.59091,2362.92124,891.0
4405000,8888.255,1260.469,5575.835,2357.239,892.0
4410000,8762.31,1255.05,5525.54,2343.96,893.2978245530646
4415000,8766.84461,1248.83887,5517.38563,2341.78822,891.6594700384838
4420000,8740.404,1242.123,5539.354,2338.1,890.2907970084442
4425000,8718.553,1235.203,5553.202,2332.255,888.4656259571085
4430000,8716.66429,1238.25502,5557.99378,2330.91952,889.0993360647963
4435000,8748.47,1242.0,5553.24,2335.06,890.7685752474542
4440000,8726.599,1238.895,5567.123,2329.222,889.6930012227614
4445000,8728.03992,1237.65416,5572.68379,2332.52855,890.0068858574308
4450000,8748.415,1241.992,5553.205,2323.399,889.7349537820788
4455000,8804.54,1255.22,5603.82,2336.92,896.9736640787949
4460000,8854.19543,1259.34159,5620.90208,2355.60443,901.3361887263205
4465000,8929.224,1261.801,5678.105,2373.112,907.5441899354983
4470000,8926.484,1270.582,5722.425,2396.905,913.1377828730484
4475000,8935.38356,1275.61399,5743.03937,2406.26798,916.020167750666
4480000,9050.47,1285.09,5702.24,2426.36,920.7337079499051
4485000,9073.096,1281.877,5716.496,2456.204,923.8744680497825
4490000,9062.09386,1279.46618,5721.54617,2459.02965,923.595416036415
4495000,9095.779,1278.673,5730.787,2476.92,926.2141212140415
4500000,8988.39,1253.3,5684.22,2455.22,921.9439009609482
4505000,8997.65404,1253.38594,5652.10749,2447.81422,916.1310931992189
4510000,9010.861,1256.433,5630.359,2429.257,914.1756769592315
4515000,9033.388,1253.292,5574.185,2415.205,913.9776313306864
4520000,9040.50441,1253.36889,5541.79789,2400.79769,909.886935462438
4525000,8975.52,1245.01,5481.57,2389.73,909.4035685623278
4530000,8911.431,1235.75,5428.016,2371.081,902.6275098970177
4535000,8830.94146,1227.87465,5414.7714,2349.63645,901.8587387918228
4540000,8835.465,1220.272,5421.536,2329.716,900.3972346305464
4545000,8776.56,1237.9,5484.1,2312.89,903.8429768553142
4550000,8706.18189,1239.67932,5479.63172,2295.23119,899.1459449664088
4555000,8642.021,1234.805,5497.81,2286.16,899.406118522106
4560000,8683.676,1231.718,5484.066,2276.876,895.5234771385103
4565000,8676.27266,1230.59891,5474.29499,2259.73,892.3980004893915
4570000,8640.42,1238.15,5545.64,2281.94,892.379668306021
4575000,8662.021,1243.303,5531.776,2300.81,886.9684603770099
4580000,8658.68949,1250.26082,5545.66669,2320.53222,888.6279314324004
4585000,8683.676,1258.142,5517.946,2345.925,891.8672944035707
4590000,8801.4,1253.23,5527.16,2325.0,892.2768100366544
4595000,8792.03103,1253.57403,5528.41565,2305.58621,890.4569230551122
4600000,8779.397,1250.097,5540.978,2285.741,888.2399137156807
4605000,8757.448,1246.972,5554.83,2280.027,887.1681978071092
4610000,8754.47132,1246.49816,5564.3535,2278.58475,887.2711519959294
4615000,8767.09,1261.12,5510.82,2291.47,889.3596845008778
4620000,8789.008,1264.273,5524.597,2270.23,889.2026963982019
4625000,8792.69957,1263.35688,5513.84889,2272.89126,888.9012597917585
4630000,8767.035,1267.433,5510.786,2275.906,889.2209634382539
4635000,8655.51,1275.92,5567.34,2303.2,892.9511805022471
4640000,8636.60331,1277.73061,5566.33212,2302.57979,892.7539404409547
4645000,8677.149,1279.11,5581.258,2308.958,895.183588577439
4650000,8698.842,1282.308,5595.211,2303.186,896.4026051565895
4655000,8682.81306,1280.59306,5590.51575,2301.70526,895.3546108605441
4660000,8755.44,1270.1,5550.38,2289.0,892.2620106417821
4665000,8733.551,1260.173,5526.729,2265.013,886.6900404707994
4670000,8729.88877,1265.2379,5578.94888,2254.17349,888.8034787067836
4675000,8711.718,1250.253,5543.112,2251.376,883.6944369184102
4680000,8590.8,1245.69,5514.82,2249.39,878.5367858789601
4685000,8549.94047,1239.62778,5462.35961,2255.06373,874.6887502954535
4690000,8503.052,1236.591,5431.208,2260.557,872.1562791680315
4695000,8543.357,1233.499,5417.63,2254.906,871.4596731279128
4700000,8543.84524,1236.02974,5413.25717,2256.72633,871.9469917970305
4705000,8514.47,1245.0,5465.38,2268.0,876.1542221050547
4710000,8493.184,1249.01,5489.243,2278.622,878.3544983138148
4715000,8479.35117,1258.48662,5552.1365,2289.51335,883.4485118584518
4720000,8514.417,1260.177,5545.345,2300.795,885.3393114578842
4725000,8603.7,1255.78,5519.04,2311.32,886.4674058354511
4730000,8586.93373,1250.47578,5522.47652,2321.22994,886.0405017628544
4735000,8625.209,1254.909,5505.242,2282.599,883.7077992904905
4740000,8646.772,1258.047,5491.479,2288.306,884.7758330017623
4745000,8634.8633,1260.01614,5496.76104,2285.78612,884.8714956709761
4750000,8541.93,1257.81,5517.44,2254.0,880.25079559814
4755000,8520.575,1260.955,5531.234,2248.365,880.4273284737457
4760000,8521.27686,1260.82745,5525.85774,2253.69888,880.6671028572827
4765000,8499.274,1264.107,5545.062,2253.986,881.6014732334844
4770000,8463.16,1255.24,5509.02,2267.96,878.7313401253756
4775000,8449.27273,1245.75359,5510.3459,2267.67952,876.5668300696141
4780000,8484.318,1237.42,5522.793,2273.63,876.8189281480612
4785000,8505.529,1236.902,5508.986,2267.946,876.1543744567077
4790000,8520.43846,1239.01844,5510.76536,2266.3065,876.8577825477831
4795000,8479.63,1216.13,5423.14,2242.78,872.9857700733286
4800000,8500.829,1219.17,5436.698,2237.173,867.5693883174864
4805000,8509.05209,1218.66307,5435.05283,2235.71601,866.0086230116635
4810000,8522.081,1216.122,5450.29,2231.58,866.2034599234242
4815000,8374.91,1215.65,5362.94,2236.68,862.5038848563986
4820000,8370.51411,1214.67355,5365.03284,2237.81708,862.4098836501912
4825000,8395.847,1212.611,5349.533,2242.272,856.0214421802904
4830000,8416.837,1209.579,5336.159,2247.877,855.6385463579761
4835000,8415.62824,1208.19013,5336.60909,2251.87386,854.5611821302308
4840000,8348.27,1192.98,5302.6,2230.28,852.3893354796477
4845000,8369.141,1189.998,5275.657,2209.681,854.0729924243411
4850000,8363.3781,1191.87351,5250.02008,2189.18214,854.7121390178563
4855000,8348.218,1192.973,5238.746,2163.266,851.2067613490798
4860000,8314.74,1188.04,5206.82,2139.81,848.4568455421497
4865000,8308.71807,1187.07638,5209.39745,2138.5108,848.8123777563663
4870000,8335.527,1191.01,5193.803,2142.152,843.7733441861033
4875000,8356.366,1193.988,5180.818,2136.797,843.4397310607186
4880000,8358.84947,1191.41675,5172.56209,2138.29963,841.1115246444657
4885000,8314.74,1185.23,5139.78,2096.79,837.0887112364055
4890000,8335.527,1175.694,5126.931,2102.032,838.971277170318
4895000,8343.9878,1170.30809,5127.43771,2103.94083,827.2092088146139
4900000,8356.366,1167.606,5139.748,2107.287,827.4024925722475
4905000,8289.18,1161.79,5127.57,2090.25,823.9511148806289
4910000,8228.04778,1164.33812,5129.87513,2091.75624,826.7550622115366
4915000,8163.767,1158.886,5114.751,2095.476,826.6643210710301
4920000,8124.405,1161.783,5127.538,2090.237,824.1788779993639
4925000,8125.94561,1161.5732,5127.51369,2094.54435,821.1114214204566
4930000,8160.01,1158.67,5164.65,2111.26,824.3786069151658
4935000,8139.61,1161.567,5177.562,2105.982,824.5244700707907
4940000,8143.75943,1162.76988,5174.60773,2108.56178,824.9655376500455
4945000,8119.261,1164.471,5164.618,2100.717,823.6019142824234
4950000,8177.49,1173.77,5202.76,2115.76,824.4517454365096
4955000,8231.04939,1182.44023,5252.84496,2130.04259,823.7591641832063
4960000,8289.771,1192.78,5276.042,2151.206,826.9241935526937
4965000,8246.104,1198.52,5312.727,2172.665,831.8468566450543
4970000,8243.23686,1199.76227,5310.55128,2189.04744,832.8771766304844
4975000,8300.82,1195.19,5337.0,2214.17,837.5151767495078
4980000,8358.015,1192.202,5350.343,2239.755,835.8608803131889
4985000,8409.80778,1192.23542,5350.85141,2235.75231,840.2143107033465
4990000,8477.767,1195.183,5336.967,2234.156,843.8754913727696
4995000,8434.61,1203.96,5375.42,2254.43,846.4444458454313
5000000,8435.70853,1210.47,5413.01293,2260.88775,852.8711977167062
5005000,8455.697,1220.077,5471.656,2286.256,858.2557706535862
5010000,8476.836,1225.952,5477.927,2310.415,859.4981883948985
5015000,8465.48855,1235.12533,5482.43446,2322.08602,861.4984747515235
5020000,8597.38,1244.58,5489.34,2313.84,866.6066536066129
5025000,8575.887,1241.469,5503.063,2308.055,866.3227489158098
5030000,8575.64024,1239.3377,5504.24515,2330.43,870.7467847074688
5035000,8597.326,1244.572,5516.821,2313.826,873.1787850828758
5040000,8643.75,1244.28,5552.29,2342.5,873.9187742164705
5045000,8651.17007,1247.25125,5557.2539,2338.789,880.5667763560674
5050000,8622.141,1247.391,5538.409,2336.644,873.5728158230793
5055000,8600.585,1250.509,5552.255,2342.485,878.5369170127401
5060000,8601.4829,1248.36517,5553.16559,2340.79406,879.8591043943294
5065000,8695.98,1257.08,5567.96,2369.39,887.4394025113969
5070000,8717.72,1253.937,5554.04,2363.467,892.1278359819878
5075000,8694.01363,1253.3579,5552.50048,2358.85794,894.4244294988691
5080000,8695.926,1250.802,5540.155,2369.375,895.4292078297566
5085000,8575.16,1258.47,5568.72,2356.71,892.3734259224865
5090000,8562.50257,1259.97479,5568.87205,2355.71806,892.282137575776
5095000,8596.598,1261.616,5582.642,2362.602,894.6043557385718
5100000,8618.089,1264.77,5596.598,2356.695,895.7980847947953
5105000,8628.23936,1265.73092,5603.19198,2356.62362,896.4982799103308
5110000,8722.17,1261.01,5546.91,2344.92,894.469790337369
5115000,8700.365,1257.857,5533.043,2339.058,892.2335708551036
5120000,8704.78753,1256.51583,5538.62862,2338.80747,892.286708375409
5125000,8722.115,1261.002,5546.875,2344.905,894.4641207603853
5130000,8664.58,1255.35,5483.77,2328.05,887.8646548482385
5135000,8664.27841,1245.90165,5481.64345,2308.9737,884.2328605435689
5140000,8642.919,1239.264,5497.479,2298.33,882.1337519092452
5145000,8664.526,1234.342,5511.223,2292.036,881.7038594868093
5150000,8678.06809,1240.78975,5506.33546,2288.05,882.7399797945397
5155000,8536.46,1255.19,5529.21,2302.59,884.3821817751575
5160000,8557.801,1258.328,5543.033,2310.446,886.7784552439898
5165000,8571.21682,1257.95851,5544.9867,2336.23271,889.3864892507645
5170000,8536.407,1255.182,5529.175,2354.318,888.9437349331025
5175000,8653.82,1236.47,5427.86,2342.46,882.8569958085686
5180000,8656.51062,1235.98262,5421.47704,2322.81123,880.8272770869813
5185000,8632.185,1239.561,5414.29,2315.134,879.9669026627355
5190000,8610.605,1242.66,5427.826,2300.821,879.3523177634653
5195000,8608.10698,1241.41343,5435.45372,2277.98358,877.3482100946552
5200000,8552.81,1225.73,5490.15,2269.46,874.4560568573479
5205000,8519.13,1211.82,5466.8,2251.91,868.3995901229002
5210000,8522.77288,1211.69287,5411.19455,2243.88614,865.4484446089419
5215000,8497.832,1208.79,5383.383,2221.425,861.1422982242892
5220000,8519.077,1205.768,5366.766,2215.896,859.8847622222322
5225000,8522.05578,1205.03187,5364.5309,2205.91,858.8381144332129
5230000,8377.37,1215.75,5400.85,2224.89,860.6335860429516
5235000,8401.72,1219.66,5387.34,2202.72,859.4700471266174
5240000,8410.83263,1221.72017,5383.01526,2199.4239,859.6233601916118
5245000,8422.724,1216.611,5400.808,2208.227,860.4230493560841
5250000,8443.781,1213.569,5414.31,2202.706,860.4067082416325
5255000,8438.50595,1212.27603,5415.63044,2201.3223,859.9586696459688
5260000,8296.12,1205.35,5364.99,2202.95,859.5
5265000,8336.48,1221.3,5419.6,2212.39,860.4103748480045
5270000,8336.93335,1225.4871,5412.34238,2230.45097,862.535497766281
5275000,8357.321,1234.403,5406.051,2238.046,865.1845537698808
5280000,8336.428,1239.292,5419.566,2252.376,867.4648414635187
5285000,8322.01555,1240.10674,5417.66352,2264.95964,868.3090272481556
5290000,8315.587,1238.189,5433.115,2268.032,868.6899779112521
5295000,8459.98,1243.72,5389.74,2244.35,869.3658128959819
5300000,8446.71407,1243.33375,5391.11106,2248.13257,869.3610581290604
5305000,8395.16,1254.0,5456.97,2273.02,875.1374765055484
5310000,8416.148,1250.865,5443.328,2267.337,873.9613609901485
5315000,8424.39947,1252.32523,5441.07652,2268.08337,874.4190731514794
5320000,8437.188,1253.992,5456.936,2261.669,875.1455908449964
5325000,8395.16,1265.33,5512.7,2290.37,881.2013324629388
5330000,8392.74959,1264.00857,5512.03535,2292.61956,881.0551401507269
5335000,8374.172,1268.493,5498.918,2284.644,880.2387169736869
5340000,8353.237,1265.322,5512.666,2290.356,880.1866430739595
5345000,8354.87883,1264.99873,5507.67688,2287.63855,879.7160893217335
5350000,8479.34,1265.33,5512.7,2290.37,883.2303333402924
5355000,8458.142,1262.167,5526.482,2284.644,882.1653063075081
5360000,8461.80048,1260.3854,5528.79009,2286.5462,882.1677773763913
5365000,8440.56,1265.43,5512.7,2290.31,882.3099253211362
5370000,8461.661,1268.594,5498.918,2296.036,883.3728104217511
5375000,8455.12374,1270.02583,5489.77486,2295.78522,883.0947088634266
5380000,8423.62,1249.64,5507.4,2255.03,882.0
5385000,8398.89,1263.02,5566.77,2292.28,883.2490180251613
5390000,8398.96382,1264.07163,5562.63382,2294.65933,883.4954918088159
5395000,8419.887,1266.178,5552.853,2286.549,883.2913524288988
5400000,8455.35,1257.6,5572.28,2316.55,885.9178879664539
